author_id,display_name,name_alternatives,n_name_alternatives,first_year,latest_year,career_length,works_count,n_distinct_institutions,top_institutions,n_topics_listed,top_topics,openalex_url,sample_freq,flagged
A5024431163,B. Krug,"[""B Krug"", ""B. Krug"", ""B.\u00a0Krug"", ""BARBARA KRUG"", ""Barbara Krug""]",6,1986,2025,39,128,10,"[""Landesinstitut f\u00fcr Arbeitsgestaltung des Landes Nordrhein-Westfalen"", ""Deutsche Forschungsgemeinschaft"", ""D\u00fcsseldorf University Hospital""]",5,"[""Advanced MRI Techniques and Applications"", ""MRI in cancer diagnosis"", ""Advanced X-ray and CT Imaging""]",https://openalex.org/A5024431163,1,False
A5103349893,Lewis Jones,"[""Lewis Jones"", ""Lewis R. Jones""]",2,1990,2023,33,23,4,"[""Royal Observatory in Greenwich"", ""London Metropolitan University"", ""Jet Propulsion Laboratory""]",5,"[""Astronomy and Astrophysical Research"", ""Astronomical Observations and Instrumentation"", ""Adaptive optics and wavefront sensing""]",https://openalex.org/A5103349893,2,False
A5063209659,A.F.S. Taylor,"[""A.F.S. Taylor"", ""Taylor, A.F.S.""]",2,2000,2026,26,370568,1,"[""James Hutton Institute""]",3,"[""Mycorrhizal Fungi and Plant Interactions"", ""Botany and Plant Ecology Studies"", ""Forest Ecology and Biodiversity Studies""]",https://openalex.org/A5063209659,19,False
A5042772981,纪敏,"[""\u7eaa\u654f""]",1,1987,2016,29,39,0,[],5,"[""Legal and Regulatory Analysis"", ""Linguistic, Cultural, and Literary Studies"", ""Military Technology and Strategies""]",https://openalex.org/A5042772981,1,False
A5084364688,F. van der Tak,"[""DER TAK, F. Van"", ""F van der Tak"", ""F. F. S. Van der Tak"", ""F. F. S. van der Tak"", ""F. Van der Tak""]",20,1972,2026,54,291,17,"[""University of Groningen"", ""Max Planck Institute for Radio Astronomy"", ""Leiden Observatory""]",5,"[""Astrophysics and Star Formation Studies"", ""Stellar, planetary, and galactic studies"", ""Molecular Spectroscopy and Structure""]",https://openalex.org/A5084364688,1,False
A5089478931,E. V. Ferapontov,"[""E V Ferapontov"", ""E. Ferapontov"", ""E. V. FERAPONTOV"", ""E. V. Ferapontov"", ""E.V Ferapontov""]",17,1989,2025,36,149,13,"[""Ufa Institute of Chemistry"", ""Keldysh Institute of Applied Mathematics"", ""Russian Academy of Sciences""]",5,"[""Nonlinear Waves and Solitons"", ""Geometric Analysis and Curvature Flows"", ""Geometry and complex manifolds""]",https://openalex.org/A5089478931,1,False
A5053326676,B. Kaune,"[""B Kaune"", ""B. Kaune"", ""Brigitte Kaune"", ""Kaune, B"", ""Kaune, B.""]",6,2014,2025,11,46,6,"[""Max Planck Institute for Gravitational Physics"", ""Istituto Nazionale di Fisica Nucleare, Trento Institute for Fundamental Physics And Applications"", ""Laser Zentrum Hannover""]",5,"[""Pulsars and Gravitational Waves Research"", ""Radio Astronomy Observations and Technology"", ""Geophysics and Gravity Measurements""]",https://openalex.org/A5053326676,1,False
A5100658586,Mingxing Wang,"[""Jan Lazur"", ""Ming-Xing Wang"", ""Ming-xing Wang"", ""Mingxing Wang"", ""Ming\u2010Xing Wang""]",5,2004,2026,22,128,56,"[""Nanjing Medical University"", ""Collaborative Research Group"", ""Anhui Medical University""]",5,"[""Fungal Biology and Applications"", ""Polysaccharides and Plant Cell Walls"", ""Pharmacological Effects of Natural Compounds""]",https://openalex.org/A5100658586,1,False
A5122080654,Karl-Henrik Larsson,"[""Karl-Henrik Larsson"", ""Larsson, Karl-Henrik""]",2,2024,2026,2,127205,0,[],0,[],https://openalex.org/A5122080654,6,False
A5040095739,Yves Schabes,"[""Schabes, Yves"", ""Y. Schabes"", ""Yves Schabes""]",3,1988,1997,9,55,6,"[""William Penn University"", ""University of Pennsylvania"", ""Mitsubishi Electric (United States)""]",5,"[""Natural Language Processing Techniques"", ""Topic Modeling"", ""semigroups and automata theory""]",https://openalex.org/A5040095739,1,False
A5076609351,Nayana Shenvi,"[""Nayana Shenvi""]",1,2014,2023,9,13,3,"[""Goa University"", ""Indian Institute of Technology Goa"", ""Innovative Research (United States)""]",5,"[""Ionosphere and magnetosphere dynamics"", ""Earthquake Detection and Analysis"", ""Geomagnetism and Paleomagnetism Studies""]",https://openalex.org/A5076609351,1,False
A5100688548,Zhiwei Wang,"[""Wang Zhi\u2010wei"", ""Wang, Zhiwei"", ""Zhi-wei Wang"", ""Zhiwei Wang"", ""Zhi\u2010wei Wang""]",5,2005,2025,20,30,19,"[""Huazhong University of Science and Technology"", ""Fujian Provincial Cancer Hospital"", ""Zhejiang University of Technology""]",5,"[""Mesenchymal stem cell research"", ""Analytical chemistry methods development"", ""Spinal Fractures and Fixation Techniques""]",https://openalex.org/A5100688548,1,False
A5061607428,Jonathan M. Burch,"[""Jonathan M. Burch""]",1,1990,1990,0,1,1,"[""Royal Institute and Observatory of the Spanish Navy""]",3,"[""Adaptive optics and wavefront sensing"", ""Astronomy and Astrophysical Research"", ""Astronomical Observations and Instrumentation""]",https://openalex.org/A5061607428,2,False
A5098258599,Kwanya Tom,"[""Kwanya Tom""]",1,2015,2015,0,1,1,"[""Technical University of Kenya""]",3,"[""Wikis in Education and Collaboration"", ""Education and Digital Technologies"", ""Web and Library Services""]",https://openalex.org/A5098258599,1,False
A5075879849,Daniela Horvat,"[""A Shinka"", ""D Horvat"", ""D. HORVAT"", ""D. Horvat"", ""Daniela HORVAT""]",8,1980,2025,45,210,5,"[""Agricultural Institute"", ""University of Osijek"", ""Agricultural Institute Osijek""]",5,"[""Wheat and Barley Genetics and Pathology"", ""Food composition and properties"", ""Agriculture, Plant Science, Crop Management""]",https://openalex.org/A5075879849,1,False
A5116608658,Raihan Ahnaf Nafisaputra,"[""Raihan Ahnaf Nafisaputra""]",1,2024,2024,0,1,1,"[""Politeknik Elektronika Negeri Surabaya""]",3,"[""Image Retrieval and Classification Techniques"", ""Digital Imaging for Blood Diseases"", ""Image Processing Techniques and Applications""]",https://openalex.org/A5116608658,1,False
A5004353237,Deva Ramanan,"[""D Ramanan"", ""D. Ramanan"", ""Deva Ramanan"", ""Ramanan"", ""Ramanan D""]",7,2002,2025,23,341,11,"[""Carnegie Mellon University"", ""University of Washington"", ""Perrigo (United States)""]",5,"[""Advanced Neural Network Applications"", ""Human Pose and Action Recognition"", ""Advanced Vision and Imaging""]",https://openalex.org/A5004353237,1,False
A5059950802,Chr. Beyreuther,"[""CHR. BEYREUTHER"", ""Chr Beyreuther"", ""Chr. Beyreuther""]",3,1974,1975,1,5,1,"[""Ludwig-Maximilians-Universit\u00e4t M\u00fcnchen""]",5,"[""Graphite, nuclear technology, radiation studies"", ""Graphene research and applications"", ""Semiconductor materials and interfaces""]",https://openalex.org/A5059950802,1,False
A5003860679,I. Girardi,"[""Girardi, Ivan"", ""I Girardi"", ""I. Girardi"", ""Ivan Girardi""]",4,2013,2022,9,19,5,"[""Kavli Institute for the Physics and Mathematics of the Universe"", ""Istituto Nazionale di Fisica Nucleare, Sezione di Trieste"", ""Bulgarian Academy of Sciences""]",5,"[""Particle physics theoretical and experimental studies"", ""Neutrino Physics Research"", ""Astrophysics and Cosmic Phenomena""]",https://openalex.org/A5003860679,1,False
A5022261369,Robert Shleser,"[""R. A. SHLESER"", ""R. A. Shleser"", ""R. Shleser"", ""R.A. Shleser"", ""ROBERT SHLESER""]",7,1963,1999,36,33,7,"[""Bay Institute"", ""Ocean Institute"", ""Purdue University West Lafayette""]",5,"[""Crustacean biology and ecology"", ""Aquaculture Nutrition and Growth"", ""Bacteriophages and microbial interactions""]",https://openalex.org/A5022261369,1,False
A5063865810,Ashari Ashari,"[""Ashari"", ""Ashari Ashari"", ""Dr. Ashari""]",3,2009,2025,16,22,6,"[""Bandung Institute of Technology"", ""Universitas Muhammadiyah Purworejo"", ""Diponegoro University""]",5,"[""STEM Education"", ""Educational Methods and Outcomes"", ""Educational Methods and Media Use""]",https://openalex.org/A5063865810,1,False
A5103978597,Jianzhong Gu,"[""Gu Jian-zhong"", ""Jian-zhong Gu"", ""Jianzhong Gu""]",3,1985,2023,38,25,5,"[""Shanghai Veterinary Research Institute"", ""Shanghai University"", ""Ludong University""]",5,"[""Distributed Control Multi-Agent Systems"", ""Adaptive Control of Nonlinear Systems"", ""Neural Networks Stability and Synchronization""]",https://openalex.org/A5103978597,1,False
A5052266764,O.O. Vasechko,"[""O.O. Vasechko"", ""Oleksii Vasechko"", ""\u041e\u043b\u0435\u043a\u0441\u0456\u0439 \u0412\u0410\u0421\u0415\u0427\u041a\u041e"", ""\u041e\u043b\u0435\u043a\u0441\u0456\u0439 \u0412\u0430\u0441\u0435\u0447\u043a\u043e"", ""\u041e\u043b\u0435\u043a\u0441\u0456\u0439 \u041e\u043b\u0435\u043a\u0441\u0456\u0439\u043e\u0432\u0438\u0447 \u0412\u0430\u0441\u0435\u0447\u043a\u043e""]",5,2017,2025,8,11,2,"[""National Academy of Sciences of Ukraine"", ""Weatherford College""]",5,"[""Legal and Regulatory Analysis"", ""Linguistic, Cultural, and Literary Studies"", ""Military Technology and Strategies""]",https://openalex.org/A5052266764,1,False
A5090632526,Darko Brodić,"[""Brodic, Darko"", ""Brodi\u0107, Darko"", ""Brodi\u0107, Darko M."", ""D Brodi\u0107"", ""D. BRODIC""]",9,2002,2020,18,131,3,"[""University of Belgrade"", ""Mining and Metallurgy Institute Bor"", ""Universidade Federal de Pernambuco""]",5,"[""Handwritten Text Recognition Techniques"", ""User Authentication and Security Systems"", ""Image Processing and 3D Reconstruction""]",https://openalex.org/A5090632526,1,False
A5106807948,Lianglin Li,"[""Lianglin Li""]",1,2024,2024,0,1,1,"[""Huazhong University of Science and Technology""]",3,"[""Electric Motor Design and Analysis"", ""Electromagnetic Launch and Propulsion Technology"", ""Induction Heating and Inverter Technology""]",https://openalex.org/A5106807948,1,False
A5011453693,Roy Paily,"[""Paily, Roy P"", ""R Paily"", ""R. P. Paily"", ""R. Paily"", ""R.P. Paily""]",11,2002,2026,24,207,7,"[""Indian Institute of Information Technology Guwahati"", ""Australian Regenerative Medicine Institute"", ""Indian Institute of Technology Guwahati""]",5,"[""Advancements in Semiconductor Devices and Circuit Design"", ""Semiconductor materials and devices"", ""Radio Frequency Integrated Circuit Design""]",https://openalex.org/A5011453693,1,False
A5066742852,Takaaki Ogata,"[""T. Ogata"", ""Takaaki OGATA"", ""Takaaki Ogata""]",3,1992,2017,25,52,1,"[""NEC (Japan)""]",5,"[""Optical Network Technologies"", ""Advanced Photonic Communication Systems"", ""Advanced Optical Network Technologies""]",https://openalex.org/A5066742852,2,False
A5040508972,Paul Korinko,"[""Korinko, P"", ""Korinko, Paul S.; Wyrwas, Richard B."", ""P Korinko"", ""P S Korinko"", ""P. Korinko""]",11,1990,2025,35,109,7,"[""National Technical Information Service"", ""Savannah River National Laboratory"", ""Office of Scientific and Technical Information""]",5,"[""Welding Techniques and Residual Stresses"", ""Nuclear Materials and Properties"", ""Hydrogen embrittlement and corrosion behaviors in metals""]",https://openalex.org/A5040508972,1,False
A5040507413,Antoine Deblais,"[""A. Deblais"", ""Antoine Deblais"", ""Deblais, A."", ""Deblais, Antoine""]",4,2015,2025,10,61,8,"[""Flanders Marine Institute"", ""Van der Waals-Zeeman Institute"", ""Unilever Foods Innovation Centre""]",5,"[""Fluid Dynamics and Heat Transfer"", ""Micro and Nano Robotics"", ""Pickering emulsions and particle stabilization""]",https://openalex.org/A5040507413,1,False
A5040554849,V. A. Buts,"[""Buts, V. A."", ""Buts, V.A."", ""Buts, Vyacheslav"", ""Buts, Vyacheslav A."", ""Buts, Vyacheslav Aleksandrovich""]",13,1968,2025,57,152,7,"[""Institute of Radio Astronomy"", ""National Science Centre"", ""V. N. Karazin Kharkiv National University""]",5,"[""Particle Accelerators and Free-Electron Lasers"", ""Gyrotron and Vacuum Electronics Research"", ""Particle accelerators and beam dynamics""]",https://openalex.org/A5040554849,1,False
A5018434214,Nelson José Laurino Dionello,"[""DIONELLO, N. J. L."", ""Dionello, Nelson Jos\u00e9 Laurino"", ""Dionello, N\u00e9lson Jos\u00e9 Laurino"", ""Dionello,Nelson Jos\u00e9 Laurino"", ""J.L. Dionello""]",15,1982,2021,39,120,10,"[""Funda\u00e7\u00e3o de Estudo e Pesquisa em Medicina Veterin\u00e1ria e Zootecnia"", ""Universidade Estadual de Londrina"", ""National Council for Scientific and Technological Development""]",5,"[""Genetic and phenotypic traits in livestock"", ""Animal Nutrition and Physiology"", ""Reproductive Physiology in Livestock""]",https://openalex.org/A5018434214,1,False
A5041719750,Denis E. Bergeron,"[""Bergeron, D. E."", ""Bergeron, Denis"", ""Bergeron, Denis E."", ""D Bergeron"", ""D E Bergeron""]",15,1985,2026,41,144,13,"[""Physical Measurement Laboratory"", ""Universit\u00e9 Bourgogne Franche-Comt\u00e9"", ""Textile Research Institute""]",5,"[""Radioactive Decay and Measurement Techniques"", ""Radioactivity and Radon Measurements"", ""Scientific Measurement and Uncertainty Evaluation""]",https://openalex.org/A5041719750,1,False
A5044171730,Didier Desponds,"[""Desponds, Didier"", ""Didier Desponds""]",2,2020,2025,5,9,3,"[""Equipes Traitement de l'Information et Syst\u00e8mes"", ""Laboratoire de G\u00e9ographie Physique"", ""CY Cergy Paris Universit\u00e9""]",5,"[""French Urban and Social Studies"", ""Urbanization and City Planning"", ""Urban Planning and Governance""]",https://openalex.org/A5044171730,1,False
A5076619737,Leonardo Alcântara Alves,"[""Alves, Leonardo"", ""Alves, Leonardo Alc\u00e2ntara"", ""L. A. ALVES"", ""L. A. F. ALVES"", ""L.A. ALVES""]",10,2007,2025,18,68,4,"[""Universidade Estadual de Campinas (UNICAMP)"", ""Universidade Federal Rural do Semi-\u00c1rido"", ""Universidade Federal do Cear\u00e1""]",5,"[""Science and Education Research"", ""Education Pedagogy and Practices"", ""Chemistry Education and Research""]",https://openalex.org/A5076619737,1,False
A5122922045,Urmas Kõljalg,"[""K\u00f5ljalg, Urmas"", ""Urmas K\u00f5ljalg""]",2,2024,2024,0,37846,0,[],0,[],https://openalex.org/A5122922045,4,False
A5082636856,Weihao Hu,"[""D Li"", ""Hu, Weihao"", ""Jiaxiang Hu"", ""W Hu"", ""W. Hu""]",14,2005,2025,20,517,44,"[""Science and Technology Department of Sichuan Province"", ""Guilin University of Aerospace Technology"", ""Rajasthan Technical University""]",5,"[""Microgrid Control and Optimization"", ""Smart Grid Energy Management"", ""Wind Turbine Control Systems""]",https://openalex.org/A5082636856,1,False
A5063297991,Cristiano De Michele,"[""C De Michele"", ""C. De Michele"", ""C. Michele"", ""C. de Michele"", ""CHRISTIANO DE MICHELE""]",8,1998,2025,27,95,14,"[""Institut de min\u00e9ralogie, de physique des mat\u00e9riaux et de cosmochimie"", ""Structural and Molecular Basis of Infectious Systems"", ""Aix-Marseille Universit\u00e9""]",5,"[""Material Dynamics and Properties"", ""Theoretical and Computational Physics"", ""Pickering emulsions and particle stabilization""]",https://openalex.org/A5063297991,1,False
A5071275856,Yigal Meir,"[""MEIR, Ygal"", ""Meir, Yigal"", ""Y Meir"", ""Y. Meir"", ""YIGAL MEIR""]",7,1983,2025,42,248,13,"[""Centre de Nanosciences et de Nanotechnologies"", ""Ben-Gurion University of the Negev"", ""Purdue University West Lafayette""]",5,"[""Quantum and electron transport phenomena"", ""Physics of Superconductivity and Magnetism"", ""Theoretical and Computational Physics""]",https://openalex.org/A5071275856,1,False
A5100364557,Lu Wang,"[""L WANG"", ""L. Wang"", ""Lu WANG"", ""Lu Wang"", ""Lu, Wang""]",8,2005,2025,20,159,73,"[""Henan University of Science and Technology"", ""Lanzhou City University"", ""National Archives and Records Administration""]",5,"[""Advancements in Battery Materials"", ""Advanced Battery Materials and Technologies"", ""Advanced battery technologies research""]",https://openalex.org/A5100364557,1,False
A5045652748,John F. Nagle,"[""J F Nagle"", ""J. F. NAGLE"", ""J. F. Nagle"", ""J. Nagle"", ""J.F. Nagle""]",14,1965,2025,60,260,20,"[""Yale University"", ""Carnegie Mellon University"", ""King's College London""]",5,"[""Lipid Membrane Structure and Behavior"", ""Spectroscopy and Quantum Chemical Studies"", ""Protein Structure and Dynamics""]",https://openalex.org/A5045652748,1,False
A5066400908,Kamal Alameh,"[""Alameh Kamal"", ""Alameh Kamal Alameh Kamal"", ""Alameh, K"", ""Alameh, K."", ""Alameh, Kamal""]",15,1990,2024,34,511,17,"[""University of Sydney"", ""Bridge University"", ""Vision Cooperative Research Centre""]",5,"[""Photonic and Optical Devices"", ""Optical Network Technologies"", ""Advanced Photonic Communication Systems""]",https://openalex.org/A5066400908,1,False
A5091171575,大介 山田,"[""\u5927\u4ecb \u5c71\u7530"", ""\u5c71\u7530, \u5927\u4ecb""]",2,1975,2026,51,118,1,"[""Aomori High School""]",5,"[""Legal and Regulatory Analysis"", ""Linguistic, Cultural, and Literary Studies"", ""Military Technology and Strategies""]",https://openalex.org/A5091171575,1,False
A5055048614,Madhuri A. Chaudhari,"[""CHAUDHARI, Madhuri"", ""M A Chaudhari"", ""M. A. Chaudhari"", ""M.A. Chaudhari"", ""Madhuri A Chaudhari""]",11,2004,2026,22,98,5,"[""Nagpur Institute of Technology"", ""Dr. Babasaheb Ambedkar Technological University"", ""Visvesvaraya National Institute of Technology""]",5,"[""Multilevel Inverters and Converters"", ""Advanced DC-DC Converters"", ""Microgrid Control and Optimization""]",https://openalex.org/A5055048614,1,False
A5037491546,Julia Pawłowska,"[""J Paw\u0142owska"", ""J. Paw\u0142owska"", ""Julia Pawlowska"", ""Julia Paw\u0142owska"", ""Julia Z. Paw\u0142owska""]",6,1953,2026,73,370697,12,"[""Russian Respiratory Society"", ""Naturalis Biodiversity Center"", ""British Mycological Society""]",5,"[""Mycorrhizal Fungi and Plant Interactions"", ""Plant Pathogens and Fungal Diseases"", ""Agriculture, Plant Science, Crop Management""]",https://openalex.org/A5037491546,19,True
A5078329141,白晓颖,"[""\u767d\u6653\u9896""]",1,2005,2005,0,1,0,[],3,"[""Service-Oriented Architecture and Web Services"", ""Software Testing and Debugging Techniques"", ""Software System Performance and Reliability""]",https://openalex.org/A5078329141,1,False
A5067516015,Sonali A. Tinkhede,"[""Sonali A. Tinkhede""]",1,2015,2015,0,1,0,[],3,"[""Advanced Database Systems and Queries"", ""Data Management and Algorithms"", ""Data Quality and Management""]",https://openalex.org/A5067516015,1,False
A5060281655,Mindy Hochgesang,"[""Hochgesang, Mindy"", ""M Hochgesang"", ""M S Hochgesang"", ""Mindy Hochgesang""]",4,2005,2019,14,20,3,"[""Africa Centres for Disease Control and Prevention"", ""Centers for Disease Control and Prevention"", ""International Centre for Reproductive Health""]",5,"[""HIV/AIDS Research and Interventions"", ""HIV/AIDS Impact and Responses"", ""Global Maternal and Child Health""]",https://openalex.org/A5060281655,1,False
A5110193178,Wolfgang Krueger,"[""Wolfgang Krueger""]",1,1988,2023,35,13,1,"[""Institut f\u00fcr Informationsverarbeitung""]",5,"[""Computer Graphics and Visualization Techniques"", ""Data Visualization and Analytics"", ""Infrared Target Detection Methodologies""]",https://openalex.org/A5110193178,1,False
A5108580606,Kessy Abarenkov,"[""Abarenkov, Kessy"", ""Kessy Abarenkov""]",2,2016,2026,10,141373,1,"[""University of Tartu Natural History Museum and Botanical Garden""]",3,"[""Mycorrhizal Fungi and Plant Interactions"", ""Plant Pathogens and Fungal Diseases"", ""Yeasts and Rust Fungi Studies""]",https://openalex.org/A5108580606,7,False
A5121986994,Karl-Henrik Larsson,"[""Karl-Henrik Larsson"", ""Larsson, Karl-Henrik""]",2,2024,2024,0,14167,0,[],0,[],https://openalex.org/A5121986994,1,False
A5129562738,Ivana Sestak,"[""Ivana Sestak"", ""Sestak, Ivana""]",2,2015,2015,0,22,0,[],5,"[""Breast Cancer Treatment Studies"", ""BRCA gene mutations in cancer"", ""Breast Lesions and Carcinomas""]",https://openalex.org/A5129562738,1,False
A5115602506,Liang Wang,"[""Cheng, Ming-Ming"", ""Jiacheng Lin"", ""L WANG"", ""L Wang"", ""L. Wang""]",15,1993,2026,33,1166,328,"[""Monash University"", ""Beijing Academy of Artificial Intelligence"", ""Beijing Jiaotong University""]",5,"[""Human Pose and Action Recognition"", ""Video Surveillance and Tracking Methods"", ""Multimodal Machine Learning Applications""]",https://openalex.org/A5115602506,1,False
A5112196285,Rezica Sudar,"[""R. Sudar"", ""Rezica SUDAR"", ""Rezica Sudar"", ""Sudar, Rezica""]",4,1979,2018,39,121,2,"[""Agricultural Institute"", ""Agricultural Institute Osijek""]",5,"[""Soybean genetics and cultivation"", ""Wheat and Barley Genetics and Pathology"", ""Crop Yield and Soil Fertility""]",https://openalex.org/A5112196285,1,False
A5101744518,S. Fujita,"[""FUJITA Shinji"", ""Fujita, S."", ""Fujita, Shinji"", ""S Fujita"", ""S. FUJITA""]",8,1982,2025,43,168,25,"[""Hachinohe Institute of Technology"", ""Tohoku Medical and Pharmaceutical University"", ""Kyushu University""]",5,"[""Physics of Superconductivity and Magnetism"", ""Superconducting Materials and Applications"", ""Photonic and Optical Devices""]",https://openalex.org/A5101744518,1,False
A5008041465,Anand K. Jha,"[""A. K. Jha"", ""Anand  Kumar Jha"", ""Anand Jha"", ""Anand K Jha"", ""Anand K. Jha""]",9,2005,2026,21,108,15,"[""Bir Hospital"", ""Nagpur Institute of Technology"", ""Schlumberger (British Virgin Islands)""]",5,"[""Quantum Information and Cryptography"", ""Orbital Angular Momentum in Optics"", ""Quantum Mechanics and Applications""]",https://openalex.org/A5008041465,2,False
A5077966833,Shiv N. Khanna,"[""Khanna, S"", ""Khanna, S.N."", ""Khanna, Shiv N"", ""Khanna, Shiv N."", ""S N Khanna""]",16,1962,2025,63,476,17,"[""Michigan Technological University"", ""Northeastern University"", ""Harish-Chandra Research Institute""]",5,"[""Advanced Chemical Physics Studies"", ""Nanocluster Synthesis and Applications"", ""Catalytic Processes in Materials Science""]",https://openalex.org/A5077966833,1,True
A5037052967,G. Sivavaraprasad,"[""G Sivavaraprasad"", ""G. Sivavaraprasad"", ""Gampala Sivavaraprasad"", ""Sivavaraprasad Gampala""]",4,2015,2023,8,25,1,"[""Koneru Lakshmaiah Education Foundation""]",5,"[""Ionosphere and magnetosphere dynamics"", ""GNSS positioning and interference"", ""Earthquake Detection and Analysis""]",https://openalex.org/A5037052967,2,False
A5093771527,Daniel Mackner,"[""Daniel Mackner"", ""Mackner, Daniel""]",2,2023,2025,2,13,1,"[""Graz University of Technology""]",5,"[""Medical Imaging Techniques and Applications"", ""Advanced MRI Techniques and Applications"", ""Statistical Methods and Inference""]",https://openalex.org/A5093771527,1,False
A5053265608,Tatiana R. Shmeleva,"[""Shmeleva, Tatiana"", ""T. R. Shmeleva"", ""T.R. Shmeleva"", ""Tatiana R. Shmeleva"", ""Tatiana Shmeleva""]",5,2006,2025,19,55,12,"[""Universit\u00e9 C\u00f4te d'Azur"", ""Italian Institute of Telemedicine"", ""Laboratoire d'Informatique, Signaux et Syst\u00e8mes de Sophia Antipolis""]",5,"[""Petri Nets in System Modeling"", ""Distributed systems and fault tolerance"", ""Formal Methods in Verification""]",https://openalex.org/A5053265608,1,False
A5110290987,Marina Isabel Mateus de Almeida,"[""M. I. M. ALMEIDA"", ""M. I. M. Almeida"", ""M.I.M. ALMEIDA"", ""Marina I. M. Almeida"", ""Marina I. M. de Almeida""]",6,2002,2014,12,15,2,"[""Universidade Estadual Paulista (Unesp)"", ""Universidade Federal do Paran\u00e1""]",5,"[""Animal Nutrition and Physiology"", ""Livestock and Poultry Management"", ""Environmental Toxicology and Ecotoxicology""]",https://openalex.org/A5110290987,1,False
A5090861882,Saeful Mujab,"[""Saeful - Mujab"", ""Saeful Mujab""]",2,2003,2025,22,30,1,"[""Universitas Bhayangkara Jakarta Raya""]",5,"[""Islamic Finance and Communication"", ""SMEs Development and Digital Marketing"", ""COVID-19 Prevention and Impact""]",https://openalex.org/A5090861882,1,False
A5100804345,Huihuang Zhong,"[""Hui-Huang Zhong"", ""Hui-huang Zhong"", ""Huihuang ZHONG"", ""Huihuang Zhong"", ""Zhong Hui-Huang""]",5,1986,2021,35,125,6,"[""National University"", ""Naval University of Engineering"", ""University of Defence""]",5,"[""Gyrotron and Vacuum Electronics Research"", ""Pulsed Power Technology Applications"", ""Microwave Engineering and Waveguides""]",https://openalex.org/A5100804345,1,False
A5043389236,Vijay B. Borghate,"[""Borghate V B"", ""V. B. Borghate"", ""V. Borghate"", ""V.B. BORGHATE"", ""V.B. Borghate""]",11,2006,2026,20,115,4,"[""SRKR Engineering College"", ""Visvesvaraya National Institute of Technology"", ""Nagpur Institute of Technology""]",5,"[""Multilevel Inverters and Converters"", ""Silicon Carbide Semiconductor Technologies"", ""Advanced DC-DC Converters""]",https://openalex.org/A5043389236,1,False
A5113614340,H. W. Carlson,"[""H. CARLSON"", ""H. W. CARLSON"", ""H. W. Carlson"", ""HARRY CARLSON"", ""HARRY W. CARLSON""]",7,1952,2011,59,101,4,"[""Omron (Japan)"", ""United States Department of the Army"", ""Lockheed Martin (United States)""]",5,"[""Computational Fluid Dynamics and Aerodynamics"", ""Fluid Dynamics and Turbulent Flows"", ""Aerospace and Aviation Technology""]",https://openalex.org/A5113614340,1,False
A5044512393,Mary L. Berbee,"[""Berbee, M L"", ""Berbee, Mary"", ""Berbee, Mary L."", ""M Berbee"", ""M. Berbee""]",11,1988,2026,38,370739,8,"[""Cornell University"", ""Weatherford College"", ""University of California, Davis""]",5,"[""Plant Pathogens and Fungal Diseases"", ""Mycorrhizal Fungi and Plant Interactions"", ""Yeasts and Rust Fungi Studies""]",https://openalex.org/A5044512393,19,False
A5129408831,Charles Perou,"[""Charles Perou"", ""Perou, Charles""]",2,2015,2016,1,28,0,[],5,"[""Breast Cancer Treatment Studies"", ""BRCA gene mutations in cancer"", ""Breast Lesions and Carcinomas""]",https://openalex.org/A5129408831,1,False
A5022971234,И.Г. Мокеева,"[""I G Mokeeva"", ""I. Mokeeva"", ""I.G. Mokeeva"", ""Irina G. Mokeeva"", ""Irina Gennadievna Mokeeva""]",7,2002,2025,23,14,2,"[""Institute of Marine Technology Problems of the Far-Eastern Branch of the Russian Academy of Sciences"", ""Far Eastern State Technical Fisheries University""]",5,"[""Underwater Vehicles and Communication Systems"", ""Mathematical Control Systems and Analysis"", ""Stonefly species taxonomy and ecology""]",https://openalex.org/A5022971234,1,False
A5065675967,V. Ferroni,"[""Ferroni, V."", ""Ferroni, Valerio"", ""V Ferroni"", ""V. Ferroni"", ""VALERIO FERRONI""]",6,2011,2024,13,61,5,"[""Stanford University"", ""International Center for Relativistic Astrophysics"", ""Istituto Nazionale di Fisica Nucleare, Trento Institute for Fundamental Physics And Applications""]",5,"[""Pulsars and Gravitational Waves Research"", ""Geophysics and Gravity Measurements"", ""Radio Astronomy Observations and Technology""]",https://openalex.org/A5065675967,1,False
A5082617502,A. A. Zdziarski,"[""A A Zdziarski"", ""A. A. Zdziarski"", ""A. A. Zdziarski B"", ""A. Zdziarski"", ""A.A Zdziarski""]",25,1980,2026,46,736,84,"[""University of Southampton"", ""University of Padua"", ""University of the Witwatersrand""]",5,"[""Astrophysical Phenomena and Observations"", ""Astrophysics and Cosmic Phenomena"", ""Gamma-ray bursts and supernovae""]",https://openalex.org/A5082617502,1,False
A5122963908,Björn Lindahl,"[""Bj\u00f6rn Lindahl"", ""Lindahl, Bj\u00f6rn""]",2,2024,2024,0,37846,0,[],0,[],https://openalex.org/A5122963908,4,False
A5077358171,S. Vitale,"[""S G Vitale"", ""S Vitale"", ""S Vitale A"", ""S. VITALE"", ""S. Vitale""]",11,1962,2025,63,376,37,"[""Istituto Nazionale di Fisica Nucleare, Sezione di Ferrara"", ""Ospedale San Filippo Neri"", ""Royal Observatory""]",5,"[""Pulsars and Gravitational Waves Research"", ""Geophysics and Gravity Measurements"", ""Radio Astronomy Observations and Technology""]",https://openalex.org/A5077358171,1,True
A5045476201,Jean‐Pascal Gond,"[""Gond, J"", ""Gond, Jean-Pascal"", ""JEAN-PASCAL GOND"", ""Jean Pascal Gond"", ""Jean-Pascal Gond""]",6,2002,2025,23,254,30,"[""Laboratoire de Recherche sur la Croissance Cellulaire, la R\u00e9paration et la R\u00e9g\u00e9n\u00e9ration Tissulaires"", ""Northeastern University"", ""\u00c9cole de management de Lyon""]",5,"[""Management and Organizational Studies"", ""Corporate Social Responsibility Reporting"", ""Social Sciences and Governance""]",https://openalex.org/A5045476201,1,False
A5122736744,Tom W. May,"[""May, Tom W."", ""Tom W. May""]",2,2024,2024,0,73728,0,[],0,[],https://openalex.org/A5122736744,6,False
A5122714844,Urmas Kõljalg,"[""K\u00f5ljalg, Urmas"", ""Urmas K\u00f5ljalg""]",2,2024,2024,0,73728,0,[],0,[],https://openalex.org/A5122714844,6,False
A5000699693,Shinsuke Yoshioka,"[""S. Yoshioka"", ""Shinsuke YOSHIOKA"", ""Shinsuke Yoshioka""]",3,2005,2025,20,91,12,"[""Japan Sport Council"", ""Tokyo Metropolitan Komaba High School"", ""RIKEN Center for Computational Science""]",5,"[""Sports Performance and Training"", ""Sports injuries and prevention"", ""Muscle activation and electromyography studies""]",https://openalex.org/A5000699693,1,False
A5109813351,J. M. Calleja,"[""Calleja, Jos\u00e9"", ""J Calleja"", ""J M Calleja"", ""J. Calleja"", ""J. M. CALLEJA""]",15,1966,2015,49,140,16,"[""University of Minho"", ""AT&T (United States)"", ""Mathematical Sciences Research Institute""]",5,"[""Semiconductor Quantum Structures and Devices"", ""Quantum and electron transport phenomena"", ""GaN-based semiconductor devices and materials""]",https://openalex.org/A5109813351,1,False
A5002589323,L. Martin-Polo,"[""L. Martin-Polo""]",1,2017,2025,8,6,2,"[""European Space Agency"", ""European Space Astronomy Centre""]",5,"[""Pulsars and Gravitational Waves Research"", ""Advanced Frequency and Time Standards"", ""Radio Astronomy Observations and Technology""]",https://openalex.org/A5002589323,1,False
A5122911148,Matthew E. Smith,"[""Matthew E. Smith"", ""Smith, Matthew E.""]",2,2024,2024,0,37846,0,[],0,[],https://openalex.org/A5122911148,4,False
A5031093078,Dennis Park,"[""Dennis Park"", ""Park, Dennis""]",2,2010,2023,13,17,4,"[""Toyota Research Institute"", ""UC Irvine Health"", ""University of British Columbia""]",5,"[""Advanced Vision and Imaging"", ""Video Surveillance and Tracking Methods"", ""Advanced Image and Video Retrieval Techniques""]",https://openalex.org/A5031093078,1,False
A5021993274,Gustavo Gutiérrez,"[""G. M. Gutierrez"", ""Gustavo Gutierrez"", ""Gustavo Guti\u00e9rrez"", ""Gutierrez, Gustavo"", ""Guti\u00e9rrez, Gustavo""]",5,1975,2024,49,15,2,"[""Icesi University"", ""South Dakota School of Mines and Technology""]",5,"[""Crystallization and Solubility Studies"", ""X-ray Diffraction in Crystallography"", ""Natural product bioactivities and synthesis""]",https://openalex.org/A5021993274,1,False
A5122793362,Tobias G. Frøslev,"[""Fr\u00f8slev, Tobias G."", ""Tobias G. Fr\u00f8slev""]",2,2024,2024,0,56434,0,[],0,[],https://openalex.org/A5122793362,1,False
A5028614248,Yoshihisa Inada,"[""Inada, Yoshihisa"", ""Y. Inada"", ""Yoshihisa INADA"", ""Yoshihisa Inada""]",4,1997,2025,28,111,5,"[""NEC (Japan)"", ""Osaka University"", ""Misasa Onsen Hospital""]",5,"[""Optical Network Technologies"", ""Advanced Photonic Communication Systems"", ""Advanced Optical Network Technologies""]",https://openalex.org/A5028614248,2,False
A5066896056,Josef Petersmann,"[""Josef Petersmann""]",1,1990,1990,0,1,0,[],3,"[""Vehicle Dynamics and Control Systems"", ""Electric and Hybrid Vehicle Technologies"", ""Real-time simulation and control systems""]",https://openalex.org/A5066896056,1,False
A5047773674,许奇,"[""\u8bb8\u5947""]",1,2005,2014,9,6,0,[],5,"[""Legal and Regulatory Analysis"", ""Linguistic, Cultural, and Literary Studies"", ""Military Technology and Strategies""]",https://openalex.org/A5047773674,1,False
A5079211126,Rogelio Moreno Muñoz,"[""Rogelio Moreno Mu\u00f1oz""]",1,1990,1994,4,4,10,"[""Materials Technology (United Kingdom)"", ""Anna Needs Neuroblastoma Answers"", ""Consumers Union""]",5,"[""Biofuel production and bioconversion"", ""Wood Treatment and Properties"", ""Biodiesel Production and Applications""]",https://openalex.org/A5079211126,1,False
A5086756924,Jaromír Příhoda,"[""J P\u0159\u00edhoda"", ""J. P\u0159\u00edhoda"", ""Jaromir Prihoda"", ""Jaromi\u0301r Pr\u030ci\u0301hoda"", ""Jarom\u00edr P\u0158\u00cdHODA""]",8,1975,2024,49,86,4,"[""Czech Academy of Sciences, Institute of Thermomechanics"", ""Czech Technical University in Prague"", ""Czech Academy of Sciences""]",5,"[""Fluid Dynamics and Turbulent Flows"", ""Computational Fluid Dynamics and Aerodynamics"", ""Turbomachinery Performance and Optimization""]",https://openalex.org/A5086756924,1,False
A5083874167,Stephanie Leigh Batiste,"[""Stephanie Batiste"", ""Stephanie L Batiste"", ""Stephanie L. Batiste"", ""Stephanie Leigh Batiste""]",4,2003,2024,21,25,3,"[""University of California, Santa Barbara"", ""Carnegie Mellon University"", ""American Bar Association""]",5,"[""Theatre and Performance Studies"", ""Theater, Performance, and Music History"", ""Diversity and Impact of Dance""]",https://openalex.org/A5083874167,1,False
A5122925374,Kessy Abarenkov,"[""Abarenkov, Kessy"", ""Kessy Abarenkov""]",2,2024,2024,0,37846,0,[],0,[],https://openalex.org/A5122925374,4,False
A5064523155,K. G. Lebedev,"[""K. G. Lebedev"", ""Lebedev, K. G.""]",2,2023,2025,2,6,1,"[""Yu.G. Shafer Institute of Cosmophysical Research and Aeronomy""]",5,"[""Astrophysics and Cosmic Phenomena"", ""Dark Matter and Cosmic Phenomena"", ""Particle physics theoretical and experimental studies""]",https://openalex.org/A5064523155,1,False
A5035442780,Runjie Li,"[""Runjie Li""]",1,2002,2025,23,4,1,"[""Kyoto Institute of Technology""]",5,"[""Sports Performance and Training"", ""Cerebral Palsy and Movement Disorders"", ""Balance, Gait, and Falls Prevention""]",https://openalex.org/A5035442780,1,False
A5111211269,Santosh Kumar Prasad,"[""Santosh Kumar Prasad""]",1,2024,2024,0,3,1,"[""Dibrugarh University""]",5,"[""Antenna Design and Analysis"", ""Energy Harvesting in Wireless Networks"", ""Antenna Design and Optimization""]",https://openalex.org/A5111211269,1,False
A5100355149,Yufeng Li,"[""Jing Linlong"", ""LI, Yufeng"", ""Li YF"", ""Li, Yu-Feng"", ""Li, Yufeng""]",25,1989,2026,37,894,213,"[""Heilongjiang Institute of Technology"", ""Putian University"", ""Shenzhen Institutes of Advanced Technology""]",5,"[""Mercury impact and mitigation studies"", ""Crystal structures of chemical compounds"", ""Heavy Metal Exposure and Toxicity""]",https://openalex.org/A5100355149,1,False
A5085954165,Frederick M. Frankenfeld,"[""Frederick M. Frankenfeld""]",1,1971,1993,22,5,3,"[""University of Iowa Hospitals and Clinics"", ""American Society of Health-System Pharmacists"", ""ProQuest (United States)""]",5,"[""Pharmacy and Medical Practices"", ""Electronic Health Records Systems"", ""Pharmaceutical Practices and Patient Outcomes""]",https://openalex.org/A5085954165,1,False
A5024165306,E. Costa,"[""COSTA, ENRICO"", ""Costa E."", ""Costa, E."", ""Costa, Enrico"", ""E COSTA""]",15,1951,2025,74,1098,29,"[""Istituto di Astrofisica Spaziale e Fisica Cosmica di Milano"", ""University of Rome Tor Vergata"", ""Universidade Federal do Esp\u00edrito Santo""]",5,"[""Gamma-ray bursts and supernovae"", ""Astrophysics and Cosmic Phenomena"", ""Astrophysical Phenomena and Observations""]",https://openalex.org/A5024165306,1,True
A5112156878,Hervé Bulou,"[""Bulou, H."", ""Bulou, Herve"", ""Bulou, Herv\u00e9"", ""H Bulou"", ""H. Bulou""]",7,1995,2026,31,83,10,"[""Surface du Verre et Interfaces"", ""Institut de Physique et Chimie des Mat\u00e9riaux de Strasbourg"", ""Sorbonne Paris Cit\u00e9""]",5,"[""Surface and Thin Film Phenomena"", ""Magnetic properties of thin films"", ""Molecular Junctions and Nanostructures""]",https://openalex.org/A5112156878,1,False
A5016586979,Laura Lützow,"[""Laura L\u00fctzow"", ""L\u00fctzow, Laura""]",2,2022,2025,3,9,3,"[""American Institute of Aeronautics and Astronautics"", ""Technical University of Munich"", ""Massachusetts Institute of Technology""]",5,"[""Fault Detection and Control Systems"", ""Control Systems and Identification"", ""Formal Methods in Verification""]",https://openalex.org/A5016586979,1,False
A5112340367,R. Lorenz,"[""R Lorenz"", ""R. Lorenz"", ""Rene Lorenz"", ""Ren\u00e9 Lorenz""]",4,1950,2018,68,60,10,"[""Klinikum rechts der Isar"", ""M\u00fcnchen Klinik"", ""Nuklearmedizinische Klinik des Klinikums rechts der Isar""]",5,"[""Intraperitoneal and Appendiceal Malignancies"", ""Ovarian cancer diagnosis and treatment"", ""Pancreatitis Pathology and Treatment""]",https://openalex.org/A5112340367,1,True
A5101780113,Jun Heo,"[""Heo, Jun"", ""J. Heo"", ""Jun Heo""]",3,2001,2026,25,98,13,"[""University of Southern California"", ""Hallym University"", ""University of Michigan""]",5,"[""Quantum Computing Algorithms and Architecture"", ""Quantum Information and Cryptography"", ""Advanced Wireless Communication Techniques""]",https://openalex.org/A5101780113,1,False
A5122128493,Matthew E. Smith,"[""Matthew E. Smith"", ""Smith, Matthew E.""]",2,2024,2026,2,127205,0,[],0,[],https://openalex.org/A5122128493,6,False
A5115640477,晓龙 向,"[""\u6653\u9f99 \u5411""]",1,2024,2024,0,1,0,[],3,"[""Legal and Regulatory Analysis"", ""Linguistic, Cultural, and Literary Studies"", ""Military Technology and Strategies""]",https://openalex.org/A5115640477,1,False
A5019126088,Thomas Barthel,"[""Barthel T"", ""Barthel T."", ""Barthel, Thomas"", ""T Barthel"", ""T. Barthel""]",6,1961,2026,65,191,26,"[""UNESCO"", ""University of Bonn"", ""Klinik K\u00f6nig-Ludwig Haus""]",5,"[""Quantum many-body systems"", ""Quantum and electron transport phenomena"", ""Quantum Information and Cryptography""]",https://openalex.org/A5019126088,1,True
A5048252028,L. Ferraioli,"[""Ferraioli, L"", ""Ferraioli, L."", ""Ferraioli, Luigi"", ""L Ferraioli"", ""L. Ferraioli""]",6,2004,2025,21,119,18,"[""D\u00e9l\u00e9gation Paris 7"", ""Czech Academy of Sciences, Institute of Geophysics"", ""Max Planck Institute for Gravitational Physics""]",5,"[""Pulsars and Gravitational Waves Research"", ""Radio Astronomy Observations and Technology"", ""Silicon Nanostructures and Photoluminescence""]",https://openalex.org/A5048252028,1,False
A5062804265,Sonia Poltoratski,"[""Poltoratski, Sonia"", ""S. Poltoratski"", ""Sonia Poltoratski""]",3,2010,2024,14,30,5,"[""Vanderbilt University"", ""Stanford University"", ""Vanderbilt Health""]",5,"[""Face Recognition and Perception"", ""Visual perception and processing mechanisms"", ""Neural dynamics and brain function""]",https://openalex.org/A5062804265,1,False
A5074895763,C. S. Florio,"[""C. S. FLORIO"", ""C. S. Florio"", ""C.S. Florio"", ""CS Florio"", ""Catherine S Florio""]",7,2004,2022,18,19,5,"[""New Jersey Institute of Technology"", ""U.S. Army Combat Capabilities Development Command Armaments Center"", ""United States Department of the Army""]",5,"[""Orthopaedic implants and arthroplasty"", ""Knee injuries and reconstruction techniques"", ""Muscle activation and electromyography studies""]",https://openalex.org/A5074895763,1,False
A5108127270,D. Texier,"[""D Texier"", ""D. Texier"", ""Texier, D"", ""Texier, D.""]",4,1976,2024,48,58,5,"[""CEA Paris-Saclay"", ""European Space Agency"", ""Royal Observatory""]",5,"[""Pulsars and Gravitational Waves Research"", ""Radio Astronomy Observations and Technology"", ""Geophysics and Gravity Measurements""]",https://openalex.org/A5108127270,1,False
A5020490098,A. Cavalleri,"[""A Cavalleri"", ""A Cavalleri B"", ""A. CAVALLERI"", ""A. Cavalleri"", ""Andrea Cavalleri""]",8,1986,2026,40,202,25,"[""Lawrence Berkeley National Laboratory"", ""University of California, San Diego"", ""Istituto Nazionale di Fisica Nucleare, Sezione di Pavia""]",5,"[""Pulsars and Gravitational Waves Research"", ""Laser Material Processing Techniques"", ""Geophysics and Gravity Measurements""]",https://openalex.org/A5020490098,1,False
A5122736977,Björn Lindahl,"[""Bj\u00f6rn Lindahl"", ""Lindahl, Bj\u00f6rn""]",2,2024,2024,0,73728,0,[],0,[],https://openalex.org/A5122736977,6,False
A5087110103,D. R. Lehman,"[""D Lehman"", ""D R Lehman"", ""D. R. LEHMAN"", ""D. R. Lehman"", ""D.R. Lehman""]",7,1969,2018,49,97,16,"[""Los Alamos National Laboratory"", ""North Carolina State University"", ""University of Alberta""]",5,"[""Nuclear physics research studies"", ""Quantum, superfluid, helium dynamics"", ""Atomic and Molecular Physics""]",https://openalex.org/A5087110103,1,False
A5085349525,Thorsten Feldmann,"[""Feldmann, T."", ""Feldmann, Th."", ""Feldmann, Thorsten"", ""T Feldmann"", ""T. Feldmann""]",6,1994,2025,31,125,14,"[""University of Siegen"", ""Physikalisch-Technische Bundesanstalt"", ""University of Wuppertal""]",5,"[""Particle physics theoretical and experimental studies"", ""Quantum Chromodynamics and Particle Interactions"", ""High-Energy Particle Collisions Research""]",https://openalex.org/A5085349525,1,False
A5007172285,Wei He,"[""He, Wei"", ""W D He"", ""W He"", ""W. He"", ""WEI HE""]",12,1994,2025,31,147,40,"[""Hefei National Center for Physical Sciences at Nanoscale"", ""King's College London"", ""Jiangsu University of Science and Technology""]",5,"[""Electrocatalysts for Energy Conversion"", ""Advanced battery technologies research"", ""Fuel Cells and Related Materials""]",https://openalex.org/A5007172285,1,False
A5027479442,Fanzheng Zeng,"[""Fan-zheng Zeng"", ""Fanzheng Zeng""]",2,2015,2025,10,25,2,"[""National University of Defense Technology"", ""Xiangtan Electric Manufacturing Group (China)""]",5,"[""Pulsed Power Technology Applications"", ""Gyrotron and Vacuum Electronics Research"", ""Electrostatic Discharge in Electronics""]",https://openalex.org/A5027479442,1,False
A5114208608,Chisato Yamamoto,"[""Chisato Yamamoto""]",1,2024,2024,0,1,0,[],2,"[""Stroke Rehabilitation and Recovery"", ""Cerebral Palsy and Movement Disorders""]",https://openalex.org/A5114208608,1,False
A5069257931,David W. Bray,"[""David Bray"", ""David W. Bray""]",2,1974,2003,29,7,2,"[""Clarkson University"", ""Clarkson College""]",5,"[""Experimental Learning in Engineering"", ""Medical Image Segmentation Techniques"", ""Parallel Computing and Optimization Techniques""]",https://openalex.org/A5069257931,1,False
A5050673080,Antigone-Aikaterini G. Kyriakou,"[""Antigone-Aikaterini G. Kyriakou"", ""Antigone-Aikaterini Kyriakou""]",2,2013,2024,11,3,1,"[""Democritus University of Thrace""]",5,"[""Antenna Design and Analysis"", ""Ultrasound and Hyperthermia Applications"", ""Non-Invasive Vital Sign Monitoring""]",https://openalex.org/A5050673080,1,False
A5043687665,P.O. McCormick,"[""P.O. McCormick"", ""Philip McCormick""]",2,1971,2019,48,11,2,"[""Pfizer (United States)"", ""Lockheed Martin (United States)""]",5,"[""Solar Thermal and Photovoltaic Systems"", ""Building Energy and Comfort Optimization"", ""Heat Transfer and Optimization""]",https://openalex.org/A5043687665,1,False
A5076840239,Christopher Straub,"[""Christopher Straub"", ""Straub, Christopher""]",2,2020,2025,5,10,1,"[""University of Bayreuth""]",5,"[""Cosmology and Gravitation Theories"", ""Pulsars and Gravitational Waves Research"", ""Gas Dynamics and Kinetic Theory""]",https://openalex.org/A5076840239,1,False
A5035170154,L. Gesa,"[""Gesa, L."", ""L Gesa"", ""L I Gesa"", ""L. Gesa""]",4,2011,2024,13,28,4,"[""Institute of Space Sciences"", ""Institut de Ci\u00e8ncia de Materials de Barcelona"", ""ETH Zurich""]",5,"[""Pulsars and Gravitational Waves Research"", ""Advanced Frequency and Time Standards"", ""Radio Astronomy Observations and Technology""]",https://openalex.org/A5035170154,1,False
A5089531767,Johan Bergenholtz,"[""Bergenholtz, J"", ""Bergenholtz, J."", ""J Bergenholtz"", ""J. BERGENHOLTZ"", ""J. Bergenholtz""]",7,1991,2020,29,72,13,"[""UiT The Arctic University of Norway"", ""University of Konstanz"", ""Adolphe Merkle Institute""]",5,"[""Material Dynamics and Properties"", ""Surfactants and Colloidal Systems"", ""Electrostatics and Colloid Interactions""]",https://openalex.org/A5089531767,1,False
A5100946128,Xixia Ma,"[""Xixia Ma""]",1,2005,2025,20,12,6,"[""State Key Laboratory of Hydraulics and Mountain River Engineering"", ""Sichuan University"", ""Xinyang Normal University""]",5,"[""Hydrology and Watershed Management Studies"", ""Mathematical and Theoretical Epidemiology and Ecology Models"", ""Advanced Decision-Making Techniques""]",https://openalex.org/A5100946128,1,False
A5029543833,M. Freschi,"[""Freschi, M"", ""Freschi, M."", ""M Freschi"", ""M. Freschi"", ""Marco Freschi""]",5,2000,2025,25,45,4,"[""Vitrociset (Italy)"", ""European Space Agency"", ""Serco (United Kingdom)""]",5,"[""Pulsars and Gravitational Waves Research"", ""Radio Astronomy Observations and Technology"", ""Geophysics and Gravity Measurements""]",https://openalex.org/A5029543833,1,False
A5101413233,J. Iqbal,"[""J Iqbal"", ""J. Iqbal"", ""Jamshaid Iqbal""]",3,2010,2026,16,43,8,"[""COMSATS University Islamabad"", ""Vanderbilt University"", ""Beijing Research Institute of Mechanical and Electrical Technology""]",5,"[""Nanofluid Flow and Heat Transfer"", ""Heat Transfer Mechanisms"", ""Fluid Dynamics and Turbulent Flows""]",https://openalex.org/A5101413233,1,False
A5045682542,Shi Yun-shun,"[""Shi Yun-shun""]",1,2005,2005,0,1,1,"[""Anqing Normal University""]",3,"[""Translation Studies and Practices"", ""Lexicography and Language Studies"", ""Folklore, Mythology, and Literature Studies""]",https://openalex.org/A5045682542,1,False
A5012832048,Hyun-Kyo Lim,"[""Hyun-Kyo Lim"", ""Hyun-kyo Lim"", ""Hyunkyo Lim""]",3,2007,2026,19,44,5,"[""Electronics and Telecommunications Research Institute"", ""Korea Institute of Science & Technology Information"", ""Korea University of Technology and Education""]",5,"[""Software-Defined Networks and 5G"", ""IoT and Edge/Fog Computing"", ""Reinforcement Learning in Robotics""]",https://openalex.org/A5012832048,1,False
A5059758556,Haruyuki Fujii,"[""Fujii, Haruyuki"", ""H Fujii"", ""H. FUJII"", ""H. Fujii"", ""HARUYUKI FUJII""]",7,1991,2025,34,115,15,"[""Nihon University"", ""Building Research Institute"", ""Kyushu University""]",5,"[""Design Education and Practice"", ""Architecture and Computational Design"", ""Urban and spatial planning""]",https://openalex.org/A5059758556,1,False
A5069923511,Pius O. Adelani,"[""Adelani, P.O."", ""Adelani, Pius O."", ""Pius  O. Adelani"", ""Pius O. Adelani"", ""Pius Ojo Adelani""]",5,2009,2025,16,100,3,"[""University of Notre Dame"", ""St. Mary's University, Texas"", ""University of California, San Diego""]",5,"[""Crystallization and Solubility Studies"", ""X-ray Diffraction in Crystallography"", ""Radioactive element chemistry and processing""]",https://openalex.org/A5069923511,1,False
A5008643215,Junaidi H. Matsum,"[""Junaidi H Matsum"", ""Junaidi H. Matsum"", ""Junaidi H.Matsum"", ""Junaidi Matsum""]",4,2013,2025,12,84,1,"[""Tanjungpura University""]",5,"[""Educational Methods and Media Use"", ""Educational Curriculum and Learning Methods"", ""Educational Methods and Outcomes""]",https://openalex.org/A5008643215,1,False
A5100600165,Tian Liang,"[""Liang, Tian"", ""T. S.Liang"", ""T.-S. Liang"", ""Tian LIANG"", ""Tian Liang""]",5,1997,2025,28,33,11,"[""Sun Yat-sen University"", ""Gannan Medical University"", ""University of Tsukuba""]",5,"[""Advanced MIMO Systems Optimization"", ""Cooperative Communication and Network Coding"", ""Formal Methods in Verification""]",https://openalex.org/A5100600165,1,False
A5022638662,Alessandro Mancuso,"[""A Mancuso"", ""Alessandro Mancuso""]",2,1989,2025,36,11,5,"[""Ospedali Riuniti Umberto I"", ""Azienda di Rilievo Nazionale ed Alta Specializzazione"", ""Azienda Ospedaliera Universitaria Policlinico \""Paolo Giaccone\"" di Palermo""]",5,"[""Tuberculosis Research and Epidemiology"", ""Antimicrobial Resistance in Staphylococcus"", ""Sepsis Diagnosis and Treatment""]",https://openalex.org/A5022638662,1,False
A5100773238,Di Cao,"[""Cao Di"", ""Cao, Di"", ""D Q Cao"", ""D.Q. Cao"", ""Deli Cao""]",6,2005,2025,20,160,43,"[""Beijing Children\u2019s Hospital"", ""Nanjing Medical University"", ""Roche (Switzerland)""]",5,"[""Smart Grid Energy Management"", ""Microgrid Control and Optimization"", ""Optimal Power Flow Distribution""]",https://openalex.org/A5100773238,1,False
A5108745442,K. Danzmann,"[""Andreas T\u00fcnnermann"", ""Canton, T. Dal"", ""Danilishin, S. L."", ""Danzmann K"", ""Danzmann, K""]",15,1978,2026,48,760,50,"[""Rutgers, The State University of New Jersey"", ""University of Wisconsin\u2013Milwaukee"", ""Modeinstitut Berlin (Germany)""]",5,"[""Pulsars and Gravitational Waves Research"", ""Geophysics and Gravity Measurements"", ""Advanced Frequency and Time Standards""]",https://openalex.org/A5108745442,1,False
A5129611570,Philip Bernard,"[""Bernard, Philip"", ""Philip Bernard""]",2,2015,2015,0,22,0,[],5,"[""Breast Cancer Treatment Studies"", ""BRCA gene mutations in cancer"", ""Breast Lesions and Carcinomas""]",https://openalex.org/A5129611570,1,False
A5085496870,A. W. Castleman,"[""A W Castleman"", ""A W Castleman, Jr"", ""A. Castleman Jr"", ""A. Castleman, Jr."", ""A. W. CASTLEMAN""]",18,1970,2016,46,302,20,"[""Department of Physics, Mathematics and Informatics"", ""Laboratoire de Chimie Organique"", ""Universit\u00e9 Paris-Sud""]",5,"[""Advanced Chemical Physics Studies"", ""Spectroscopy and Quantum Chemical Studies"", ""Mass Spectrometry Techniques and Applications""]",https://openalex.org/A5085496870,1,False
A5129531362,Torsten Nielsen,"[""Nielsen, Torsten"", ""Torsten Nielsen""]",2,2015,2015,0,22,0,[],5,"[""Breast Cancer Treatment Studies"", ""BRCA gene mutations in cancer"", ""Breast Lesions and Carcinomas""]",https://openalex.org/A5129531362,1,False
A5063656212,Л. Т. Ксенофонтов,"[""Ksenofontov, L."", ""Ksenofontov, L. T."", ""Ksenofontov, Leonid T."", ""L T Ksenofontov"", ""L. Ksenofontov""]",13,1991,2025,34,110,7,"[""Kavli Institute for the Physics and Mathematics of the Universe"", ""Russian Academy of Sciences"", ""Institute for Cosmic Ray Research""]",5,"[""Astrophysics and Cosmic Phenomena"", ""Gamma-ray bursts and supernovae"", ""Dark Matter and Cosmic Phenomena""]",https://openalex.org/A5063656212,1,False
A5029857002,Itamar Couto Guedes de Jesus,"[""I.C.G. Jesus"", ""Itamar C G Jesus"", ""Itamar C Jesus"", ""Itamar C. G. Jesus"", ""Itamar C. G. de Jesus""]",12,2015,2026,11,52,6,"[""Instituto Butantan"", ""Universidade Federal de Minas Gerais"", ""Instituto de Ciencias Tecnol\u00f3gicas""]",5,"[""Receptor Mechanisms and Signaling"", ""Cardiac electrophysiology and arrhythmias"", ""Renin-Angiotensin System Studies""]",https://openalex.org/A5029857002,1,False
A5076627286,Lau Hoi Kit,"[""Lau Hoi Kit""]",1,2002,2005,3,3,1,"[""Hong Kong Polytechnic University""]",5,"[""Advanced Database Systems and Queries"", ""Semantic Web and Ontologies"", ""Data Management and Algorithms""]",https://openalex.org/A5076627286,1,False
A5023062969,冯卫平,"[""\u51af\u536b\u5e73""]",1,1984,2015,31,13,0,[],3,"[""Legal and Regulatory Analysis"", ""Linguistic, Cultural, and Literary Studies"", ""Military Technology and Strategies""]",https://openalex.org/A5023062969,1,False
A5101577418,Abhimanyu Kumar Jha,"[""A Jha"", ""A Kumar Jha"", ""A. K. Jha"", ""ABHIMANYU KUMAR JHA"", ""Abhimanyu Jha""]",8,1970,2026,56,120,11,"[""All India Institute of Medical Sciences"", ""Tribhuvan University Teaching Hospital"", ""Tribhuvan University""]",5,"[""Epigenetics and DNA Methylation"", ""Cancer-related gene regulation"", ""Evolutionary Game Theory and Cooperation""]",https://openalex.org/A5101577418,1,False
A5084126023,S. Çiraci,"[""Ciraci, S"", ""Ciraci, S."", ""Ciraci, Salim"", ""S Ciraci"", ""S. Ciraci""]",7,1974,2024,50,386,20,"[""Ankara (Czechia)"", ""Forschungszentrum J\u00fclich"", ""University of Illinois Chicago""]",5,"[""Graphene research and applications"", ""Surface and Thin Film Phenomena"", ""Quantum and electron transport phenomena""]",https://openalex.org/A5084126023,1,False
A5059893047,Silvia Krug,"[""Krug, Silvia"", ""Silvia Krug""]",2,2014,2026,12,70,3,"[""IMMS Institut f\u00fcr Mikroelektronik- und Mechatronik-Systeme gemeinn\u00fctzige GmbH (IMMS GmbH)"", ""Mid Sweden University"", ""Technische Universit\u00e4t Ilmenau""]",5,"[""Opportunistic and Delay-Tolerant Networks"", ""Mobile Ad Hoc Networks"", ""IoT and Edge/Fog Computing""]",https://openalex.org/A5059893047,1,False
A5071387993,Francisco Barceló-Arroyo,"[""Barcel\u00f3 Arroyo, Francisco"", ""F. Barcelo"", ""F. Barcelo-Arroyo"", ""F. Barcelo\u0301"", ""F. Barcel\u00f3""]",13,1996,2021,25,134,6,"[""Centre de Recerca Matem\u00e0tica"", ""FC Barcelona"", ""Polytechnic University of Puerto Rico""]",5,"[""Wireless Communication Networks Research"", ""Indoor and Outdoor Localization Technologies"", ""Wireless Networks and Protocols""]",https://openalex.org/A5071387993,1,False
A5042492907,Feng Leping,"[""Feng Leping""]",1,1990,2018,28,8,0,[],5,"[""Machine Fault Diagnosis Techniques"", ""Fluid Dynamics and Turbulent Flows"", ""Structural Health Monitoring Techniques""]",https://openalex.org/A5042492907,1,False
A5109040494,E. Plagnol,"[""E Plagnol"", ""E. PLAGNOL"", ""E. Plagnol"", ""Plagnol, E"", ""Plagnol, E.""]",5,1975,2025,50,162,37,"[""Lawrence Berkeley National Laboratory"", ""Centre de Gestion Scientifique"", ""Institut National de Physique Nucl\u00e9aire et de Physique des Particules""]",5,"[""Nuclear physics research studies"", ""Nuclear Physics and Applications"", ""High-Energy Particle Collisions Research""]",https://openalex.org/A5109040494,1,False
A5052865088,Yuxi Gao,"[""Gao Y"", ""Y GAO"", ""Y Gao"", ""Y. Gao"", ""Y. X. Gao""]",9,1999,2025,26,190,41,"[""State Key Laboratory of Natural and Biomimetic Drugs"", ""National Synchrotron Radiation Laboratory"", ""Jilin University""]",5,"[""Mercury impact and mitigation studies"", ""Heavy Metal Exposure and Toxicity"", ""Selenium in Biological Systems""]",https://openalex.org/A5052865088,1,False
A5114814809,Piotr Jankowski,"[""Piotr Jankowski""]",1,2024,2024,0,1,0,[],2,"[""Multi-Criteria Decision Making"", ""Fuzzy Logic and Control Systems""]",https://openalex.org/A5114814809,1,False
A5017225843,Smaïne Kouidri,"[""KOUIDRI, Sma\u00efne"", ""Kouidri, Smaine"", ""Kouidri, Sma\u00efne"", ""S Kouidri"", ""S. Kouidri""]",10,1992,2025,33,84,17,"[""Centre de Gestion Scientifique"", ""\u00c9cole nationale sup\u00e9rieure d'arts et m\u00e9tiers"", ""Universit\u00e9 Paris 1 Panth\u00e9on-Sorbonne""]",5,"[""Aerodynamics and Acoustics in Jet Flows"", ""Fluid Dynamics and Turbulent Flows"", ""Turbomachinery Performance and Optimization""]",https://openalex.org/A5017225843,1,False
A5034034893,Ali Hussein Alqahtani,"[""Ali Hussein Alqahtani""]",1,2015,2015,0,1,0,[],2,"[""Healthcare Policy and Management"", ""Medical Coding and Health Information""]",https://openalex.org/A5034034893,1,False
A5034804020,Giovanna R. Bellini,"[""Bellini, Giovanna Rita"", ""Giovanna Bellini"", ""Giovanna R. Bellini""]",3,2007,2020,13,16,5,"[""Classic Private University"", ""Ghent University"", ""University of Cambridge""]",5,"[""Ancient Mediterranean Archaeology and History"", ""Archaeological Research and Protection"", ""Image Processing and 3D Reconstruction""]",https://openalex.org/A5034804020,1,False
A5115605166,M. Gao,"[""Gao, Maodong"", ""M. Gao"", ""Maodong Gao""]",3,2006,2025,19,17,8,"[""China Academy of Railway Sciences"", ""Huazhong University of Science and Technology"", ""Chinese Academy of Sciences""]",5,"[""Photonic and Optical Devices"", ""Mechanical and Optical Resonators"", ""Advanced Fiber Laser Technologies""]",https://openalex.org/A5115605166,1,False
A5022041722,Marlan O. Scully,"[""M O Scully"", ""M Scully"", ""M. O Scully"", ""M. O. SCULLY"", ""M. O. Scully""]",19,1966,2026,60,1327,72,"[""Kurchatov Institute"", ""Los Alamos National Laboratory"", ""Yale University""]",5,"[""Quantum optics and atomic interactions"", ""Cold Atom Physics and Bose-Einstein Condensates"", ""Quantum Information and Cryptography""]",https://openalex.org/A5022041722,1,False
A5006625987,G Valenti,"[""G Valenti"", ""Gaetano Valenti""]",2,2002,2024,22,4,2,"[""Azienda di Rilievo Nazionale ed Alta Specializzazione"", ""University of Palermo""]",5,"[""Hepatitis B Virus Studies"", ""Liver Disease Diagnosis and Treatment"", ""Ovarian cancer diagnosis and treatment""]",https://openalex.org/A5006625987,1,False
A5034872297,Max F. Platzer,"[""M Platzer"", ""M. F. PLATZER"", ""M. F. Platzer"", ""M. PLATZER"", ""M. Platzer""]",16,1964,2026,62,326,20,"[""Progressive Energy (United Kingdom)"", ""California State University, Long Beach"", ""National Pension Service""]",5,"[""Fluid Dynamics and Turbulent Flows"", ""Computational Fluid Dynamics and Aerodynamics"", ""Biomimetic flight and propulsion mechanisms""]",https://openalex.org/A5034872297,1,True
A5030736596,Foong May Yeong,"[""Foong M. Yeong"", ""Foong May YEONG"", ""Foong May Yeong"", ""Yeong, Foong May""]",4,1994,2023,29,45,7,"[""Nanyang Technological University"", ""Moscow State University of Technologies and Management named after K.G. Razumovskiy"", ""Vienna Biocenter""]",5,"[""Microtubule and mitosis dynamics"", ""Innovative Teaching and Learning Methods"", ""Innovative Teaching Methods""]",https://openalex.org/A5030736596,1,False
A5063640595,S. Stanley,"[""S J Stanley"", ""S STANLEY"", ""S Stanley"", ""S. J. Stanley"", ""S. Stanley""]",8,1991,2025,34,133,22,"[""University of Alberta"", ""Michigan State University"", ""Muscular Dystrophy Canada""]",5,"[""Geomagnetism and Paleomagnetism Studies"", ""Astro and Planetary Science"", ""Planetary Science and Exploration""]",https://openalex.org/A5063640595,1,False
A5122087655,Björn Lindahl,"[""Bj\u00f6rn Lindahl"", ""Lindahl, Bj\u00f6rn""]",2,2024,2026,2,127205,0,[],0,[],https://openalex.org/A5122087655,6,False
A5106354564,Mazen Fawaz Alshammat,"[""Mazen Fawaz Alshammat""]",1,2024,2024,0,1,1,"[""Damascus University""]",3,"[""Online Learning and Analytics"", ""Intelligent Tutoring Systems and Adaptive Learning"", ""Engineering Education and Technology""]",https://openalex.org/A5106354564,1,False
A5022964664,Christoph Rudhart,"[""C. Rudhart *"", ""Christoph Rudhart"", ""Rudhart, Christoph Paul""]",3,1999,2005,6,11,1,"[""University of Stuttgart""]",5,"[""Quasicrystal Structures and Properties"", ""Mineralogy and Gemology Studies"", ""Microstructure and mechanical properties""]",https://openalex.org/A5022964664,1,False
A5092349350,Nikos Trembois,"[""Nikos Trembois""]",1,2023,2025,2,7,2,"[""California State University System"", ""University of California, Davis""]",5,"[""Aerodynamics and Acoustics in Jet Flows"", ""Fluid Dynamics and Turbulent Flows"", ""Acoustic Wave Phenomena Research""]",https://openalex.org/A5092349350,1,False
A5068671506,Michael Providenti,"[""M. Providenti"", ""Michael Providenti""]",2,2004,2023,19,8,1,"[""Northern Kentucky University""]",5,"[""Digital Accessibility for Disabilities"", ""Data Visualization and Analytics"", ""E-Government and Public Services""]",https://openalex.org/A5068671506,1,False
A5122930188,Kadri Põldmaa,"[""Kadri P\u00f5ldmaa"", ""P\u00f5ldmaa, Kadri""]",2,2024,2024,0,37846,0,[],0,[],https://openalex.org/A5122930188,4,False
A5006548312,Niraj Kumar Jha,"[""Jha, Niraj Kumar"", ""N Jha"", ""N Kumar Jha"", ""N.K. Jha"", ""Niraj Jha""]",10,1963,2026,63,399,19,"[""University of Delhi"", ""Indian Agricultural Research Institute"", ""Qassim University""]",5,"[""Alzheimer's disease research and treatments"", ""Medicinal Plants and Neuroprotection"", ""Nanoparticle-Based Drug Delivery""]",https://openalex.org/A5006548312,1,True
A5122711750,Kessy Abarenkov,"[""Abarenkov, Kessy"", ""Kessy Abarenkov""]",2,2024,2024,0,73728,0,[],0,[],https://openalex.org/A5122711750,6,False
A5077692655,Alfred O. Hero,"[""A. Hero"", ""A. O Hero"", ""A. O. Hero"", ""A. O. Hero III"", ""A.O Hero III""]",41,1910,2026,116,1048,54,"[""UNESCO"", ""Carnegie Mellon University"", ""Alexia Foundation""]",5,"[""Sparse and Compressive Sensing Techniques"", ""Statistical Methods and Inference"", ""Distributed Sensor Networks and Detection Algorithms""]",https://openalex.org/A5077692655,1,True
A5061514809,М. В. Примуш,"[""\u041c. \u0412. \u041f\u0440\u0438\u043c\u0443\u0448"", ""\u041c\u0438\u043a\u043e\u043b\u0430 \u0412\u0430\u0441\u0438\u043b\u044c\u043e\u0432\u0438\u0447 \u041f\u0440\u0438\u043c\u0443\u0448"", ""\u041c\u0438\u043a\u043e\u043b\u0430 \u041f\u0440\u0438\u043c\u0443\u0448""]",3,2023,2025,2,5,0,[],5,"[""Legal and Regulatory Analysis"", ""Linguistic, Cultural, and Literary Studies"", ""Military Technology and Strategies""]",https://openalex.org/A5061514809,1,False
A5013051791,Gözde AYKUT,"[""AYKUT, G\u00f6zde"", ""AYKUT, G\u00f6zde; AFYON KOCATEPE UNIVERSITY, INSTITUTE OF SOCIAL SCIENCES"", ""AYKUT, G\u00f6zde; \u00dcniversite"", ""Aykut, G\u00f6zde"", ""G\u00f6zde AYKUT""]",6,2021,2024,3,11,2,"[""Afyon Kocatepe University"", ""Institute of Social Sciences""]",5,"[""Cultural and Sociopolitical Studies"", ""Turkish Literature and Culture"", ""Media Discourse and Social  Analysis""]",https://openalex.org/A5013051791,1,False
A5100979028,Min Ye,"[""Min Ye"", ""Ye Min""]",2,2002,2025,23,13,7,"[""Nanjing Medical University"", ""Second Affiliated Hospital of Nanjing Medical University"", ""81th Hospital of PLA""]",5,"[""Acupuncture Treatment Research Studies"", ""Facial Nerve Paralysis Treatment and Research"", ""Diabetes, Cardiovascular Risks, and Lipoproteins""]",https://openalex.org/A5100979028,1,False
A5076350750,Qi Huang,"[""HUANG Qi"", ""HUANG, Qi"", ""Huang Qi"", ""Huang, Qi"", ""Q Huang""]",13,2000,2026,26,711,60,"[""Science and Technology Department of Sichuan Province"", ""Shanghai Normal University"", ""FZU \u2012 Institute of Physics of the Academy of Sciences of the Czech Republic""]",5,"[""Microgrid Control and Optimization"", ""Smart Grid Energy Management"", ""Power System Optimization and Stability""]",https://openalex.org/A5076350750,1,False
A5110725059,Allan Snavely,"[""A Snavely"", ""A. Snavely"", ""Allan E Snavely"", ""Allan E. Snavely"", ""Allan Edward Snavely""]",7,1998,2017,19,106,7,"[""San Diego Supercomputer Center"", ""Cornell University"", ""Urbana University""]",5,"[""Parallel Computing and Optimization Techniques"", ""Distributed and Parallel Computing Systems"", ""Advanced Data Storage Technologies""]",https://openalex.org/A5110725059,1,False
A5000148462,Natália Salamoni,"[""NATALIA SALAMONI"", ""NAT\u00c1LIA SALAMONI"", ""Nat\u00e1lia SALAMONI"", ""Nat\u00e1lia Salamoni"", ""Salamoni, Nat\u00e1lia,    1997-""]",5,2021,2026,5,17,8,"[""Expertise Engenharia (Brazil)"", ""AVM Faculdade Integrada"", ""Universidade Regional de Blumenau""]",5,"[""Concrete and Cement Materials Research"", ""Innovative concrete reinforcement materials"", ""Building materials and conservation""]",https://openalex.org/A5000148462,1,False
A5044981679,Milena F. Pinto,"[""Johann Amorim"", ""M. F. Pinto"", ""M.F. Pinto"", ""M.F.D. Pinto"", ""Milena F. Pinto""]",7,2014,2026,12,156,13,"[""Polytechnic Institute of Bragan\u00e7a"", ""Baker Hughes (United States)"", ""Sesame Workshop""]",5,"[""Robotics and Sensor-Based Localization"", ""Robotic Path Planning Algorithms"", ""UAV Applications and Optimization""]",https://openalex.org/A5044981679,1,False
A5018717498,Christoph Rußmann,"[""C Russmann"", ""C. Russmann"", ""C. Ru\u00dfmann"", ""Christoph Russmann"", ""Christoph Ru\u00dfmann""]",6,1994,2026,32,45,11,"[""Harvard University"", ""Carl Zeiss (Germany)"", ""Hawassa University""]",5,"[""Corneal surgery and disorders"", ""Mass Spectrometry Techniques and Applications"", ""Optical Coherence Tomography Applications""]",https://openalex.org/A5018717498,1,False
A5114427532,Nguyễn Thị Phương Lan,"[""Nguy\u1ec5n Th\u1ecb Ph\u01b0\u01a1ng Lan""]",1,2024,2024,0,1,0,[],1,"[""Research studies in Vietnam""]",https://openalex.org/A5114427532,1,False
A5099044571,L. Laruelle,"[""L. Laruelle"", ""Laruelle, L.""]",2,2024,2025,1,2,1,"[""University of Amsterdam""]",5,"[""Muscle activation and electromyography studies"", ""Music Technology and Sound Studies"", ""Rheology and Fluid Dynamics Studies""]",https://openalex.org/A5099044571,1,False
A5014794164,宋姗姗,"[""\u5b8b\u59d7\u59d7""]",1,2015,2015,0,1,0,[],3,"[""Legal and Regulatory Analysis"", ""Linguistic, Cultural, and Literary Studies"", ""Military Technology and Strategies""]",https://openalex.org/A5014794164,1,False
A5016382341,Van Doi Truong,"[""Van Doi Truong""]",1,2023,2026,3,8,2,"[""Hanyang University"", ""Anyang University""]",5,"[""Welding Techniques and Residual Stresses"", ""Additive Manufacturing Materials and Processes"", ""Thermography and Photoacoustic Techniques""]",https://openalex.org/A5016382341,1,False
A5057867117,Yaguan Qian,"[""Qian Ya-Guan"", ""Qian, Ya-guan"", ""Qian, Yaguan"", ""Ya-Guan Qian"", ""Ya-guan Qian""]",7,2005,2025,20,81,5,"[""Zhejiang University of Science and Technology"", ""Zhejiang University of Technology"", ""Zhejiang University""]",5,"[""Adversarial Robustness in Machine Learning"", ""Anomaly Detection Techniques and Applications"", ""Advanced Neural Network Applications""]",https://openalex.org/A5057867117,1,False
A5113393135,Ethan C. Brown,"[""Ethan Brown"", ""Ethan C. Brown""]",2,1991,2026,35,7,2,"[""California State University System"", ""University of California, Davis""]",5,"[""Aerodynamics and Acoustics in Jet Flows"", ""Computational Fluid Dynamics and Aerodynamics"", ""Combustion and flame dynamics""]",https://openalex.org/A5113393135,1,False
A5103256998,Joseph C. S. Lai,"["""", ""C. S. Lai, Joseph"", ""J C S Lai"", ""J LAI"", ""J. C. S. Lai""]",27,1979,2025,46,280,20,"[""University of Oklahoma Health Sciences Center"", ""ACT Government"", ""China Medical University""]",5,"[""Fluid Dynamics and Turbulent Flows"", ""Biomimetic flight and propulsion mechanisms"", ""Fluid Dynamics and Vibration Analysis""]",https://openalex.org/A5103256998,1,False
A5100405523,Yu Bai,"[""B. X. Yu"", ""B.\u2009X. Yu"", ""Bai Yu"", ""Bai, Y."", ""Bai, Y. X.""]",19,2000,2026,26,202,93,"[""Tianjin Medical University Eye Hospital"", ""Beijing Jiaotong University"", ""Shandong Institute of Business and Technology""]",5,"[""Quantum Chromodynamics and Particle Interactions"", ""Particle physics theoretical and experimental studies"", ""High-Energy Particle Collisions Research""]",https://openalex.org/A5100405523,1,False
A5113263012,Nada Aqila Mahmud,"[""Nada Aqila Mahmud""]",1,2024,2024,0,1,1,"[""Universitas Stikubank""]",2,"[""Data Mining and Machine Learning Applications"", ""Computer Science and Engineering""]",https://openalex.org/A5113263012,1,False
A5030813123,P. Soffitta,"[""P Soffitta"", ""P. SOFFITTA"", ""P. Soffitta"", ""P. Soffitta (7620596)"", ""P. Soffittaa""]",11,1990,2026,36,837,17,"[""Astronomical Observatory of Rome"", ""Istituto di Astrofisica Spaziale e Fisica Cosmica di Milano"", ""Istituto Nazionale di Fisica Nucleare, Sezione di Trieste""]",5,"[""Gamma-ray bursts and supernovae"", ""Astrophysics and Cosmic Phenomena"", ""Astrophysical Phenomena and Observations""]",https://openalex.org/A5030813123,1,False
A5043359961,Jeannine Missbach‐Guentner,"[""Jeannine Missbach-Guentner"", ""Jeannine Missbach\u2010Guentner""]",2,2006,2025,19,24,8,"[""Universit\u00e4tsmedizin G\u00f6ttingen"", ""Nephrologisches Zentrum Goettingen"", ""Max Planck Institute of Experimental Medicine""]",5,"[""Medical Imaging Techniques and Applications"", ""Cancer Research and Treatments"", ""Corneal surgery and disorders""]",https://openalex.org/A5043359961,1,False
A5067151905,Wolfgang Nolting,"[""Nolting, W."", ""Nolting, Wolfgang"", ""Nolting, Wolfgang 1944-"", ""W Nolting"", ""W. NOLTING""]",7,1971,2018,47,518,14,"[""Max Planck Institute for Plasma Physics"", ""Sofia University \""St. Kliment Ohridski\"""", ""University of W\u00fcrzburg""]",5,"[""Physics of Superconductivity and Magnetism"", ""Physics and Engineering Research Articles"", ""Quantum and electron transport phenomena""]",https://openalex.org/A5067151905,1,False
A5083214751,Nadine Ibrahim,"[""N. Ibrahim"", ""Nadine Ibrahim""]",2,2006,2025,19,32,4,"[""Malaysian Palm Oil Board"", ""University of Toronto"", ""University of Waterloo""]",5,"[""Engineering Education and Curriculum Development"", ""Environmental Impact and Sustainability"", ""Biomedical and Engineering Education""]",https://openalex.org/A5083214751,1,False
A5071495561,Alán Aspuru‐Guzik,"[""A Aspuru-guzik"", ""A. Aspuru-Guzik"", ""A. Aspuru\u2010Guzik"", ""AL\u00c1N ASPURU-GUZIK"", ""Alan Aspuru-Guzik""]",23,1998,2026,28,929,39,"[""Lawrence Berkeley National Laboratory"", ""Google (United States)"", ""Zapata (United States)""]",5,"[""Machine Learning in Materials Science"", ""Quantum Computing Algorithms and Architecture"", ""Quantum Information and Cryptography""]",https://openalex.org/A5071495561,1,False
A5091494133,Zhou Xiao-jie,"[""Zhou Xiao-jie"", ""Zhou Xiaojie""]",2,2000,2018,18,22,9,"[""Tsinghua University"", ""Guilin University of Technology"", ""Jiangxi Normal University""]",5,"[""Textile materials and evaluations"", ""Dam Engineering and Safety"", ""Advanced Computational Techniques and Applications""]",https://openalex.org/A5091494133,1,False
A5053051857,Qiang Hu,"[""Hu, Qiang"", ""Qiang Hu""]",2,2023,2026,3,7,5,"[""Ministry of Water Resources of the People's Republic of China"", ""Chinese Academy of Medical Sciences & Peking Union Medical College"", ""Zhangzhou Normal University""]",5,"[""Cervical Cancer and HPV Research"", ""AI in cancer detection"", ""Video Surveillance and Tracking Methods""]",https://openalex.org/A5053051857,1,False
A5041455393,Dilan YAR,"[""Dilan YAR"", ""Dilan Yar"", ""YAR, Dilan"", ""Yar, Dilan"", ""Yar, Dilan.""]",5,2018,2024,6,10,3,"[""Ankara Sosyal Bilimler \u00dcniversitesi"", ""Massachusetts Eye Research and Surgery Institute"", ""Mersin \u00dcniversitesi""]",5,"[""Maternal Mental Health During Pregnancy and Postpartum"", ""Gender Studies and Social Issues"", ""Gender Roles and Identity Studies""]",https://openalex.org/A5041455393,1,False
A5051127544,Esmaeil Heydari Asl,"[""Esmaeil Heydari Asl""]",1,2015,2015,0,2,1,"[""Islamic Azad University, Science and Research Branch""]",4,"[""EFL/ESL Teaching and Learning"", ""Education and Critical Thinking Development"", ""Lexicography and Language Studies""]",https://openalex.org/A5051127544,1,False
A5107608887,Fiza Javed,"[""Fiza Javed"", ""Javed, Fiza""]",2,2024,2024,0,2,0,[],3,"[""Galaxies: Formation, Evolution, Phenomena"", ""Astrophysical Phenomena and Observations"", ""Astronomy and Astrophysical Research""]",https://openalex.org/A5107608887,1,False
A5112118036,Zhou Zhen-jun,"[""Zhen-Jun Zhou"", ""Zhou Zhen-jun""]",2,2005,2018,13,5,5,"[""State Key Laboratory of Genetic Engineering"", ""Fudan University"", ""Hebei Normal University""]",5,"[""Prostate Cancer Diagnosis and Treatment"", ""Online and Blended Learning"", ""Pancreatic and Hepatic Oncology Research""]",https://openalex.org/A5112118036,1,False
A5044362542,Stanislava Šimonová,"[""S. Simonova"", ""Stanislava Simonova"", ""Stanislava \u0160imonov\u00e1"", ""\u0160imonov\u00e1, Stanislava""]",4,1999,2025,26,41,1,"[""University of Pardubice""]",5,"[""Education, Psychology, and Social Research"", ""Big Data and Business Intelligence"", ""Business Process Modeling and Analysis""]",https://openalex.org/A5044362542,1,False
A5091057275,Michael Creutz,"[""Creutz, M."", ""Creutz, Michael"", ""Creutz, Michael [Brookhaven National Laboratory (BNL), Upton, NY (United States)]"", ""M Creutz"", ""M. CREUTZ""]",12,1969,2026,57,251,30,"[""Tokushima University"", ""Office of Scientific and Technical Information"", ""Rutgers, The State University of New Jersey""]",5,"[""Quantum Chromodynamics and Particle Interactions"", ""Particle physics theoretical and experimental studies"", ""Theoretical and Computational Physics""]",https://openalex.org/A5091057275,1,False
A5054313482,Hans‐Rainer Trebin,"[""H R Trebin"", ""H. -R. Trebin"", ""H. R. Trebin"", ""H.-R Trebin"", ""H.-R. TREBIN""]",13,1975,2024,49,188,13,"[""University of Michigan\u2013Ann Arbor"", ""University of Stuttgart"", ""University of W\u00fcrzburg""]",5,"[""Quasicrystal Structures and Properties"", ""Liquid Crystal Research Advancements"", ""Mineralogy and Gemology Studies""]",https://openalex.org/A5054313482,1,False
A5076175309,M.D. Plette,"[""M.D. Plette""]",1,2015,2015,0,1,0,[],1,"[""Quality and Supply Management""]",https://openalex.org/A5076175309,1,False
A5029864670,N. Pecquet,"[""N. Pecquet""]",1,2005,2005,0,2,0,[],3,"[""Digital Innovation in Industries"", ""Medical Practices and Rehabilitation"", ""Innovation, Technology, and Society""]",https://openalex.org/A5029864670,1,False
A5110357239,Ulrich Johann,"[""Johann, U"", ""Johann, U."", ""Johann, Ulrich"", ""U A Johann"", ""U Johann""]",10,1979,2025,46,230,20,"[""University of Bonn"", ""University of Illinois System"", ""Deutsches Zentrum f\u00fcr Luft- und Raumfahrt e. V. (DLR)""]",5,"[""Advanced Measurement and Metrology Techniques"", ""Adaptive optics and wavefront sensing"", ""Laser Design and Applications""]",https://openalex.org/A5110357239,1,False
A5034952778,F.P. Burke,"[""Burke, F. P."", ""Burke, F.P."", ""F P Burke"", ""F. Burke"", ""F. P. BURKE""]",10,1973,2001,28,103,11,"[""Office of Scientific and Technical Information"", ""SRI International"", ""Consol Energy (United States)""]",5,"[""Coal Combustion and Slurry Processing"", ""Coal and Coke Industries Research"", ""Thermochemical Biomass Conversion Processes""]",https://openalex.org/A5034952778,1,False
A5079687270,Amnon Aharony,"[""A Aharony"", ""A. AHARONY"", ""A. Aharony"", ""AMNON AHARONY"", ""Aharony, A.""]",7,1970,2025,55,538,48,"[""Applied Physical Sciences (United States)"", ""University of California, Los Angeles"", ""University of Oslo""]",5,"[""Theoretical and Computational Physics"", ""Quantum and electron transport phenomena"", ""Physics of Superconductivity and Magnetism""]",https://openalex.org/A5079687270,1,False
